<?xml version="1.0" encoding="UTF-8"?>
<!DOCTYPE hibernate-configuration PUBLIC
		"-//Hibernate/Hibernate Configuration DTD 3.0//EN"
		"http://hibernate.sourceforge.net/hibernate-configuration-3.0.dtd">
<hibernate-configuration>
	<session-factory>
		<property name="hibernate.connection.url">jdbc:postgresql://localhost:5432/SongInfo</property>
		<property name="hibernate.connection.driver_class">org.postgresql.Driver</property>
		<property name="hibernate.dialect">org.hibernate.dialect.PostgreSQLDialect</property>
		<property name="show_sql">true</property>
		<property name="hibernate.connection.autocommit">false</property>
		<property name="hibernate.connection.release_mode">auto</property>
		<mapping class="tables.Commentary" />
		<mapping class="tables.Song" />
		<mapping class="tables.Style" />
		<mapping class="tables.User"/>
	</session-factory>
</hibernate-configuration>
